<?xml version="1.0" encoding="UTF-8"?>
<component type="font">
  <id>de.urwpp.StandardSymbolsPS</id>
  <developer_name>URW++ Design and Development GmbH</developer_name>

  <metadata_license>CC-BY-4.0</metadata_license>
  <project_license>AGPL-3.0</project_license>

  <url type="homepage">https://www.urwpp.de/en/</url>
  <url type="bugtracker">https://bugs.ghostscript.com/</url>

  <update_contact>dkaspar@redhat.com</update_contact>

  <name>Standard Symbols PS</name>
  <summary>An alternative font for Symbol typeface</summary>
  <description>
    <p>
      This serif font is an alternative for the Symbol
      typeface, and is part of Level 2 Core Font Set - PostScript specification
      of 35 base fonts that can be used with any PostScript file.
    </p>
    <p>
      These 35 base fonts are provided freely by (URW++) company,
      and are mainly utilized by Ghostscript, or other applications using it.
    </p>
  </description>

  <provides>
    <font>Standard Symbols PS</font>
  </provides>

  <suggests>
    <id>de.urwpp.URWCoreFontSetLevel2</id>
    <id>de.urwpp.C059</id>
    <id>de.urwpp.D050000L</id>
    <id>de.urwpp.NimbusMonoPS</id>
    <id>de.urwpp.NimbusRoman</id>
    <id>de.urwpp.NimbusSans</id>
    <id>de.urwpp.NimbusSansNarrow</id>
    <id>de.urwpp.P052</id>
    <id>de.urwpp.URWBookman</id>
    <id>de.urwpp.URWGothic</id>
    <id>de.urwpp.Z003</id>
  </suggests>

  <!-- NOTE: Medium urgency of updates is implicitly assumed with AppStream -->
  <releases>
    <release version="20170801" date="2017-08-01" />
    <release version="20160926" date="2016-09-26" />
  </releases>

  <languages>
    <lang>aa</lang>
    <lang>an</lang>
    <lang>ay</lang>
    <lang>bi</lang>
    <lang>br</lang>
    <lang>ch</lang>
    <lang>da</lang>
    <lang>de</lang>
    <lang>en</lang>
    <lang>es</lang>
    <lang>eu</lang>
    <lang>fil</lang>
    <lang>fj</lang>
    <lang>fur</lang>
    <lang>fy</lang>
    <lang>gd</lang>
    <lang>gl</lang>
    <lang>gv</lang>
    <lang>ho</lang>
    <lang>ht</lang>
    <lang>ia</lang>
    <lang>id</lang>
    <lang>ie</lang>
    <lang>io</lang>
    <lang>it</lang>
    <lang>jv</lang>
    <lang>kj</lang>
    <lang>kwm</lang>
    <lang>lb</lang>
    <lang>li</lang>
    <lang>mg</lang>
    <lang>ms</lang>
    <lang>nb</lang>
    <lang>nds</lang>
    <lang>ng</lang>
    <lang>nl</lang>
    <lang>nn</lang>
    <lang>no</lang>
    <lang>nr</lang>
    <lang>oc</lang>
    <lang>om</lang>
    <lang>pap-an</lang>
    <lang>pap-aw</lang>
    <lang>pt</lang>
    <lang>rm</lang>
    <lang>rn</lang>
    <lang>rw</lang>
    <lang>sc</lang>
    <lang>sg</lang>
    <lang>sma</lang>
    <lang>smj</lang>
    <lang>sn</lang>
    <lang>so</lang>
    <lang>sq</lang>
    <lang>ss</lang>
    <lang>st</lang>
    <lang>su</lang>
    <lang>sv</lang>
    <lang>sw</lang>
    <lang>tl</lang>
    <lang>ts</lang>
    <lang>uz</lang>
    <lang>vo</lang>
    <lang>wa</lang>
    <lang>xh</lang>
    <lang>yap</lang>
    <lang>za</lang>
    <lang>zu</lang>
  </languages>
</component>
